,TSR,CP
0,0.2,0.057012792
1,0.3,0.079027866
2,0.4,0.094224997
3,0.5,0.10050991
4,0.6,0.098040856
5,0.7,0.086113127
6,0.8,0.06527052
